X_pct,Y_pct,XIRR_pct,CAGR_pct,Benchmark_CAGR_pct,Alpha_pct,TotalReturn_pct,FinalValue_INR,NumTrades,OpenPositions,WinRate_pct,AvgHoldingDays,MaxDrawdown_INR,TotalInvested_INR,TotalReturned_INR,FinalCash_INR,FinalAsset_INR,STCG_Tax_INR,LTCG_Tax_INR,TotalTax_INR,NetAfterTax_INR
10.0,10.0,19.612465575330766,19.627138408740883,20.22213622189051,-0.5949978131496252,500.64348472054724,600643.4847205472,254,34,89.93055555555556,180.63385826771653,-92399.4639665191,5760000.0,5660903.0121589815,903.0121589804039,599740.4725615669,96972.29735606353,12005.190672332843,108977.48802839637,491665.99669215083
10.0,11.0,20.945457952170543,20.961212496635582,20.22213622189051,0.7390762747450736,571.1208384518109,671120.8384518109,264,36,89.33333333333333,190.3030303030303,-90908.94026826147,6000000.0,5935755.216344765,35755.21634476891,635365.622107042,109827.21882309159,13327.390278663868,123154.60910175546,547966.2293500555
10.0,12.0,19.071229259781006,19.085465785237645,20.22213622189051,-1.1366704366528637,473.9831347312228,573983.1347312228,200,31,89.17748917748918,216.24,-84178.51980106684,4620000.0,4539889.090432429,19889.090432429963,554094.0442987928,86019.97082487526,13723.654538506695,99743.62536338196,474239.50936784083
10.0,13.0,20.664151475402235,20.67967690010686,20.22213622189051,0.45754067821635047,555.656907047704,655656.9070477039,214,36,88.4,216.1214953271028,-93334.43305769737,5000000.0,4907449.719006101,7449.719006100135,648207.1880416038,99292.66577225181,16373.298768105138,115665.96454035694,539990.9425073469
10.0,14.0,18.705025785813298,18.71896805897144,20.22213622189051,-1.5031681629190672,456.5538184673687,556553.8184673687,165,30,88.2051282051282,247.63030303030303,-85797.65526411432,3900000.0,3817679.2485133875,17679.24851338574,538874.569953983,79018.65777467242,15323.244955002956,94341.90272967538,462211.9157376933
10.0,15.0,18.86336732622635,18.87743673529634,20.22213622189051,-1.3446994865941697,464.0306934475598,564030.6934475598,158,31,86.77248677248677,266.6518987341772,-92396.23628451291,3780000.0,3685701.615148947,5701.61514894733,558329.0782986125,78885.75658449554,16409.1040283087,95294.86061280424,468735.8328347556
10.0,16.0,17.418564376568852,17.431479105229798,20.22213622189051,-2.790657116660711,399.0360272350041,499036.0272350041,128,27,85.80645161290322,294.65625,-89532.21686590504,3100000.0,3013659.452448026,13659.45244802568,485376.5747869784,66867.03101079144,14915.537174258568,81782.56818505001,417253.4590499541
10.0,17.0,19.059101921659483,19.07332869016818,20.22213622189051,-1.1488075317223299,473.3981639438049,573398.1639438049,142,31,87.28323699421965,286.4788732394366,-96652.94224756816,3460000.0,3367213.6211740244,7213.621174021391,566184.5427697835,77618.57352091359,17390.09419618168,95008.66771709526,478389.4962267097
10.0,18.0,21.082925293409417,21.098791966095675,20.22213622189051,0.8766557442051663,578.7964224501429,678796.4224501429,161,36,86.80203045685279,279.03105590062114,-106814.69196821621,3940000.0,3856883.161097715,16883.16109771459,661913.2613524284,95280.27041707613,20060.22612654175,115340.49654361788,563455.925906525
10.0,19.0,19.38716555343347,19.401656560869696,20.22213622189051,-0.820479661020812,489.41310267503593,589413.102675036,131,31,87.03703703703704,319.29007633587787,-99508.5272550935,3240000.0,3153821.4523164965,13821.452316496085,575591.6503585399,74065.48816801772,20436.751434550933,94502.23960256865,494910.86307246727
10.0,20.0,21.49968538522124,21.515892650649306,20.22213622189051,1.2937564287587975,602.5518546593281,702551.8546593281,153,37,86.8421052631579,306.6143790849673,-109556.3377145594,3800000.0,3719064.104702279,19064.10470228005,683487.7499570481,94352.62005889553,23412.625550975292,117765.24560987082,584786.6090494574
11.0,10.0,19.833260021358072,19.848111326801398,20.22213622189051,-0.37402489508911074,511.8357717461203,611835.7717461203,258,34,90.06849315068493,176.48062015503876,-83397.06041868794,5840000.0,5749882.324430917,9882.324430915229,601953.4473152051,100040.1196580567,11210.215767578964,111250.33542563567,500585.4363204846
11.0,11.0,19.96491868237114,19.979876542580133,20.22213622189051,-0.24225967931037573,518.5986782686157,618598.6782686156,238,34,89.33823529411765,186.1386554621849,-82191.41873077647,5440000.0,5355239.422498213,15239.422498215245,603359.2557704004,100536.66033156001,11569.515105051858,112106.17543661187,506492.50283200375
11.0,12.0,20.63207798863511,20.647577318513054,20.22213622189051,0.4254410966225457,553.9142971294474,653914.2971294475,235,35,89.25925925925927,199.3404255319149,-90308.78397124202,5400000.0,5330514.596199682,30514.596199681546,623399.7009297659,103319.20652439335,14239.820447214352,117559.0269716077,536355.2701578398
11.0,13.0,17.762556493496394,17.77574503945949,20.22213622189051,-2.446391182431018,413.86662629502007,513866.6262950201,164,28,88.02083333333334,240.35365853658536,-78869.00439327117,3840000.0,3758477.8934420366,18477.893442035973,495388.7328529841,72892.08534606687,14252.183338962705,87144.26868502957,426722.3576099905
11.0,14.0,20.50152766783179,20.51692084297705,20.22213622189051,0.29478462108654213,546.8642012863464,646864.2012863464,199,35,88.03418803418803,220.82412060301507,-90229.55560072919,4680000.0,4596222.919971035,16222.91997103281,630641.2813153137,96690.00880212845,16596.609495048822,113286.61829717727,533577.5829891692
11.0,15.0,19.072194980912265,19.086432283368104,20.22213622189051,-1.1357039385224041,474.0297400601439,574029.7400601439,160,31,89.52879581151832,260.1125,-92218.74738100776,3820000.0,3729948.668789369,9948.66878936885,564081.071270775,80323.6565337396,16041.298265083858,96364.95479882346,477664.7852613204
11.0,16.0,19.108366964062725,19.122633373613105,20.22213622189051,-1.0995028482774032,475.77784105258763,575777.8410525876,151,31,89.01098901098901,269.66887417218544,-93004.93151780317,3640000.0,3555714.4161414593,15714.41614146022,560063.4249111274,81117.32661076795,16265.972885952568,97383.29949672052,478394.54155586706
11.0,17.0,20.53973355815645,20.55515778973367,20.22213622189051,0.3330215678431614,548.9203145623521,648920.3145623521,161,35,88.26530612244898,265.8447204968944,-108500.69588360784,3920000.0,3828355.3337625028,8355.333762502807,640564.9807998494,92605.18907362277,18166.173549298623,110771.36262292138,538148.9519394308
11.0,18.0,18.780260680936827,18.794263343808804,20.22213622189051,-1.427872878081704,460.0952067028553,560095.2067028553,130,30,87.5,292.6307692307692,-94112.7218552567,3200000.0,3104783.47926821,4783.479268210642,555311.7274346447,71109.53163785308,18654.47763486815,89764.00927272123,470331.19743013405
11.0,19.0,18.70838123174117,18.722326197559937,20.22213622189051,-1.4998100243305714,456.71133251594495,556711.332515945,120,29,87.91946308724832,318.56666666666666,-87105.97945460421,2980000.0,2897293.009184351,17293.00918435087,539418.3233315941,70104.05177384366,18346.59378939157,88450.64556323523,468260.68695270974
11.0,20.0,18.932175203467036,18.946299904977092,20.22213622189051,-1.2758363169134164,467.3078827015353,567307.8827015352,118,30,86.48648648648648,327.3305084745763,-90521.03155803814,2960000.0,2873074.201077223,13074.201077222577,554233.6816243127,73855.31177569045,17974.70527484629,91830.01705053674,475477.8656509985
12.0,10.0,19.48883889066304,19.503411916426728,20.22213622189051,-0.7187243054637804,494.4575300799141,594457.530079914,247,32,89.96415770609319,174.13765182186233,-82066.16816474311,5580000.0,5509220.856430434,29220.85643043399,565236.67364948,97338.22677482573,10316.215319538162,107654.44209436388,486803.08798555017
12.0,11.0,21.033662192168055,21.049488670030158,20.22213622189051,0.8273524481396493,576.0367463745006,676036.7463745006,258,33,90.37800687285224,174.95736434108528,-71566.63063970022,5820000.0,5809937.576492287,89937.57649228445,586099.1698822161,110822.00346913667,11978.444893325144,122800.44836246182,553236.2980120387
12.0,12.0,21.47003661757444,21.4862196204463,20.22213622189051,1.2640833985557904,600.8374705866678,700837.4705866678,250,35,90.17543859649123,183.032,-81598.30618994731,5700000.0,5672421.2210415,72421.2210414983,628416.2495451694,114303.95414250913,12612.681291119077,126916.63543362821,573920.8351530395
12.0,13.0,19.04417078342701,19.058385540377042,20.22213622189051,-1.1637506815134664,472.6786869456979,572678.6869456979,186,31,88.94009216589862,220.58602150537635,-77567.57788054575,4340000.0,4254992.336903769,14992.336903766598,557686.3500419313,84681.80902143403,13947.91147457455,98629.72049600858,474048.9664496893
12.0,14.0,19.351176871910184,19.36563886204734,20.22213622189051,-0.8564973598431678,487.6368121697804,587636.8121697804,174,32,87.86407766990291,237.67816091954023,-75149.9018327407,4120000.0,4029899.590464604,9899.590464603629,577737.2217051768,85420.1716645089,15349.841517757375,100770.01318226628,486866.7989875141
12.0,15.0,18.929762962805437,18.94388572543231,20.22213622189051,-1.2782504964581989,467.1927029646772,567192.7029646772,159,31,87.36842105263159,246.57861635220127,-83327.22212171456,3800000.0,3710757.520910728,10757.520910727802,556435.1820539495,82507.48999084813,14777.50886956088,97284.99886040902,469907.7041042682
12.0,16.0,19.020442457254212,19.034638128268398,20.22213622189051,-1.1874980936221107,471.53697726570203,571536.977265702,148,31,88.8268156424581,267.93918918918916,-84469.95991533005,3580000.0,3481751.1352772648,1751.1352772633254,569785.8419884386,77909.1267508468,16525.687690378676,94434.81444122548,477102.1628244765
12.0,17.0,19.66998481961131,19.684704119948115,20.22213622189051,-0.5374321019423931,503.5412973911431,603541.297391143,146,32,88.20224719101124,269.43150684931504,-90745.87160953123,3560000.0,3470778.517363234,10778.51736323132,592762.7800279118,83746.87224341813,16505.519518267596,100252.39176168572,503288.9056294573
12.0,18.0,18.300919252790674,18.314537716620794,20.22213622189051,-1.9075985052697142,437.8746331653231,537874.6331653231,123,29,87.5,309.9837398373984,-82984.71835078753,3040000.0,2944314.9040607773,4314.90406077604,533559.7291045471,69607.41231146104,17034.730312933858,86642.1426243949,451232.49054092815
12.0,19.0,17.264987148532345,17.277779852840247,20.22213622189051,-2.9443563690502614,392.5401206376478,492540.1206376478,105,26,87.02290076335878,319.4095238095238,-80750.94114453514,2620000.0,2534860.368849533,14860.368849533334,477679.7517881145,62611.69181431379,15225.238722245558,77836.93053655935,414703.1901010885
12.0,20.0,17.63584735867911,17.648934964090856,20.22213622189051,-2.573201257799653,408.35826547241345,508358.26547241345,103,27,86.92307692307692,348.80582524271847,-77449.25700118195,2600000.0,2505065.435946279,5065.435946278121,503292.82952613535,57587.91182390622,19640.73460334338,77228.6464272496,431129.61904516385
13.0,10.0,18.992426931627755,19.006600072461467,20.22213622189051,-1.2155361494290418,470.19162289240734,570191.6228924074,232,31,90.11406844106465,176.9655172413793,-77906.9696171734,5260000.0,5175668.531526389,15668.531526390594,554523.0913660168,91478.06907257446,9784.773270439777,101262.84234301424,468928.7805493931
13.0,11.0,16.97706715121397,16.989631461172294,20.22213622189051,-3.2325047607182142,380.56661239274547,480566.61239274545,179,27,88.3495145631068,200.58659217877096,-71720.01309053996,4120000.0,4027603.718239121,7603.718239119815,472962.89415362565,73383.82681782267,10085.573018750805,83469.39983657347,397097.212556172
13.0,12.0,19.08951670666792,19.103767946737182,20.22213622189051,-1.1183682751533262,474.8662585309737,574866.2585309737,201,31,89.65517241379311,206.3233830845771,-71355.73340120193,4640000.0,4558800.380598662,18800.380598661723,556065.877932312,87272.33575043055,12804.837730813628,100077.17348124417,474789.0850497295
13.0,13.0,18.269149274243727,18.282742320964918,20.22213622189051,-1.939393900925591,436.43032413983923,536430.3241398393,172,29,89.05472636815921,213.25581395348837,-72141.51650264015,4020000.0,3937024.701605211,17024.701605208014,519405.6225346313,78741.93408259342,12914.37889903011,91656.31298162353,444774.01115821576
13.0,14.0,17.274570324283648,17.287370638845488,20.22213622189051,-2.9347655830450208,392.94322574038955,492943.22574038955,143,27,87.6470588235294,247.75524475524475,-72742.03704269696,3400000.0,3304468.5214211056,4468.521421105681,488474.7043192839,65901.89597584748,14369.88019273353,80271.77616858101,412671.44957180857
13.0,15.0,19.795224272050042,19.81004481263198,20.22213622189051,-0.4120914092585295,509.89442032136367,609894.4203213636,170,33,87.192118226601,236.87058823529412,-70624.56130789185,4060000.0,3966265.5754408245,6265.575440824403,603628.8448805392,86839.92868991282,16508.241498907533,103348.17018882035,506546.25013254327
13.0,16.0,18.822739491664688,18.836776265953237,20.22213622189051,-1.3853599559372718,462.1036773135117,562103.6773135117,144,30,87.93103448275862,252.23611111111111,-72427.58803511638,3480000.0,3389388.218207341,9388.218207341743,552715.45910617,78420.2684244587,14660.859510631037,93081.12793508974,469022.549378422
13.0,17.0,20.208016630960405,20.223171496840898,20.22213622189051,0.0010352749503894643,531.2629472379109,631262.9472379108,156,34,86.8421052631579,255.09615384615384,-74752.84546534804,3800000.0,3705885.9590429775,5885.9590429766395,625376.9881949342,89198.78955029805,17486.501411435813,106685.29096173387,524577.6562761769
13.0,18.0,20.072837483776148,20.087882759340616,20.22213622189051,-0.1342534625498928,524.1922395558992,624192.2395558992,145,33,86.51685393258427,276.4689655172414,-78758.83375055733,3560000.0,3474889.7199426424,14889.71994264143,609302.5196132577,85191.45928852948,18616.552937499255,103808.01222602875,520384.22732987045
13.0,19.0,19.539253165387628,19.553866881572656,20.22213622189051,-0.6682693403178526,496.97316957679715,596973.1695767972,128,31,87.42138364779875,287.546875,-87795.63999636512,3180000.0,3094928.0391625324,14928.039162532892,582045.1304142643,78498.33991569025,17804.542448010216,96302.88236370045,500670.28721309674
13.0,20.0,18.356738568837073,18.370401704262473,20.22213622189051,-1.851734517628035,440.42073968996885,540420.7396899689,110,28,86.23188405797102,312.72727272727275,-82420.85393578868,2760000.0,2677792.9407430184,17792.940743019884,522627.79894694895,66852.69667855995,17941.18216877752,84793.87884733747,455626.86084263143
14.0,10.0,19.706479068045468,19.72122786009123,20.22213622189051,-0.5009083617992793,505.38639202807707,605386.392028077,246,30,90.94202898550725,170.6788617886179,-79295.83613467088,5520000.0,5488410.11982731,68410.11982731152,536976.2722007656,98511.13693777636,9481.80439230373,107992.9413300801,497393.45069799694
14.0,11.0,16.737415578902894,16.74979015413649,20.22213622189051,-3.4723460677540174,370.80090844161424,470800.90844161424,174,26,89.0,193.45977011494253,-67489.43173421451,4000000.0,3912798.9376312057,12798.937631203531,458001.9708104107,72749.95016228392,8631.148352472994,81381.09851475692,389419.80992685736
14.0,12.0,19.150094272689138,19.164394268981113,20.22213622189051,-1.0577419529093959,477.8003680297592,577800.3680297593,201,30,89.17748917748918,193.83582089552237,-76677.86711935021,4620000.0,4562886.596157507,42886.59615750985,534913.7718722494,91421.50122717887,10722.386252701941,102143.88747988081,475656.48054987844
14.0,13.0,17.955561094498762,17.968903573660498,20.22213622189051,-2.2532326482300107,422.3603009323007,522360.30093230074,166,29,87.6923076923077,223.48192771084337,-61800.0214101421,3900000.0,3801996.948141617,1996.948141616631,520363.3527906841,76074.20887691635,12703.237969629354,88777.4468465457,433582.85408575507
14.0,14.0,19.012333726437042,19.02652287591757,20.22213622189051,-1.1956133459729372,471.14728836972216,571147.2883697222,170,31,87.56218905472637,232.75294117647059,-62805.35582637985,4020000.0,3928999.6272008633,8999.627200864117,562147.6611688581,80775.24603642322,15640.42462734349,96415.67066376671,474731.6177059555
14.0,15.0,18.8739677399485,18.888045665490296,20.22213622189051,-1.3340905564002128,464.53445812328613,564534.4581232861,156,31,86.63101604278076,243.60897435897436,-65859.63054012836,3740000.0,3640074.0351017145,74.03510171537346,564460.4230215708,80513.27089220044,14688.460080089148,95201.73097228959,469332.72715099656
14.0,16.0,17.536059721133075,17.549067898365568,20.22213622189051,-2.673068323524941,404.05772155701607,504057.7215570161,126,27,87.58169934640523,271.984126984127,-65823.9343239548,3060000.0,2969845.1632033153,9845.163203315136,494212.55835370097,66347.54835567101,14763.42767812002,81110.97603379103,422946.74552322505
14.0,17.0,17.65044834576125,17.66354757801927,20.22213622189051,-2.5585886438712393,408.9902857008994,508990.28570089943,122,27,85.90604026845638,286.59016393442624,-69082.47862919408,2980000.0,2897893.951050965,17893.95105096417,491096.33464993525,66659.77053180098,15574.387298994903,82234.15783079588,426756.1278701036
14.0,18.0,19.506148221554025,19.520735216399345,20.22213622189051,-0.7014010054911637,495.3201766874149,595320.1766874149,136,32,85.11904761904762,276.30882352941177,-74539.1588175759,3360000.0,3263958.4038618132,3958.4038618122795,591361.7728256026,78980.27463562909,18632.12883545836,97612.40347108745,497707.7732163274
14.0,19.0,19.4537475170416,19.468292228425966,20.22213622189051,-0.7538439934645425,492.7121301021322,592712.1301021322,126,31,85.98726114649682,305.031746031746,-80003.0187401328,3140000.0,3050067.0579102486,10067.057910249147,582645.0721918831,73654.78907938472,20224.139064165698,93878.92814355041,498833.2019585818
14.0,20.0,17.887304685121126,17.900592700782592,20.22213622189051,-2.321543521107916,419.34216453610185,519342.16453610186,103,27,86.15384615384616,336.621359223301,-71247.61643139162,2600000.0,2507651.336159633,7651.336159632789,511690.8283764691,59678.72418085336,18657.214406920757,78335.93858777412,441006.22594832774
15.0,10.0,18.446899788217706,18.46063511680289,20.22213622189051,-1.7615011050876177,444.55621579952316,544556.2157995232,219,29,90.32258064516128,165.26940639269407,-71866.47061722838,4960000.0,4882068.512109154,22068.512109154966,522487.7036903682,87535.2583669242,8049.027534316737,95584.28590124093,448971.9298982822
15.0,11.0,18.884283263883194,18.898369477635747,20.22213622189051,-1.3237667442547618,465.0250727250491,565025.0727250491,206,30,89.83050847457628,177.8106796116505,-59771.09148694879,4720000.0,4642112.760887978,22112.7608879795,542912.3118370696,90614.41503457772,8630.08571438635,99244.50074896407,465780.571976085
15.0,12.0,18.63678828844124,18.650675816839414,20.22213622189051,-1.571460405051095,453.35924934891614,553359.2493489161,188,30,88.53211009174312,197.0159574468085,-63746.3295115839,4360000.0,4273294.013989733,13294.013989734842,540065.2353591813,86421.49483330581,10148.317477900726,96569.81231120654,456789.4370377096
15.0,13.0,16.813013653860146,16.825448044522485,20.22213622189051,-3.3966881773680235,373.86203383105277,473862.0338310528,148,26,86.20689655172413,234.07432432432432,-63524.23348922767,3480000.0,3394243.197464019,14243.197464019577,459618.8363670332,68626.95415241068,11388.553337745778,80015.50749015645,393846.5263408963
15.0,14.0,19.339553436576974,19.354006056448437,20.22213622189051,-0.8681301654420714,487.0641454859264,587064.1454859264,174,32,87.86407766990291,217.97701149425288,-66694.074659736,4120000.0,4023083.457989979,3083.457989980663,583980.6874959457,88293.49188294647,12701.99982190602,100995.4917048525,486068.6537810739
15.0,15.0,18.40120980022666,18.414908538413744,20.22213622189051,-1.8072276834767642,442.4569806879264,542456.9806879264,148,29,87.57062146892656,256.6283783783784,-57180.64679653308,3540000.0,3452827.169512997,12827.169512999739,529629.8111749267,74147.26082067077,15261.358176205718,89408.61899687648,453048.36169104994
15.0,16.0,18.582468933517795,18.59631290246806,20.22213622189051,-1.625823319422448,450.82807334782757,550828.0733478275,143,30,85.54913294797689,256.8531468531468,-62281.04410897351,3460000.0,3363838.0911757243,3838.091175724214,546989.9821721034,74046.32540401198,16700.808019458047,90747.13342347002,460080.9399243575
15.0,17.0,19.556520582006684,19.571148238437974,20.22213622189051,-0.6509879834525343,497.83700295916384,597837.0029591639,146,32,85.95505617977528,256.7191780821918,-64987.7514096761,3560000.0,3467342.3893560003,7342.389356,590494.6136031639,84690.88083983943,15485.998144600359,100176.8789844398,497660.1239747241
15.0,18.0,17.536260191337746,17.54926852808074,20.22213622189051,-2.672867693809767,404.06632828335677,504066.32828335674,114,27,85.81560283687944,301.3421052631579,-64926.21277107549,2820000.0,2729568.149240663,9568.149240662617,494498.1790426941,61375.80488195248,17836.140603862525,79211.945485815,424854.38279754174
15.0,19.0,17.476562337878725,17.48952318448398,20.22213622189051,-2.73261303740653,401.5091759855954,501509.17598559544,107,27,84.32835820895522,316.8317757009346,-71125.76548244385,2680000.0,2586082.6072088536,6082.607208855705,495426.56877673976,60614.8868143343,17876.02164214803,78490.90845648233,423018.2675291131
15.0,20.0,17.61473166990607,17.62780246297617,20.22213622189051,-2.5943337589143383,407.4454984693083,507445.49846930825,101,26,88.18897637795276,335.41584158415844,-71460.64133303025,2540000.0,2458808.4236789406,18808.423678940708,488637.07479036757,58125.849362502406,18522.39710830358,76648.24647080599,430797.2519985023
16.0,10.0,18.51289970389665,18.526687909224073,20.22213622189051,-1.6954483126664357,447.6015056272094,547601.5056272094,216,26,90.9090909090909,168.50925925925927,-71059.53574271084,4840000.0,4824440.7944713365,84440.79447133731,463160.7111558721,88126.90964181023,7975.7807827857705,96102.690424596,451498.8152026134
16.0,11.0,17.270096577013202,17.28289333878692,20.22213622189051,-2.9392428831035886,392.7550058419307,492755.0058419307,179,27,89.32038834951457,186.0949720670391,-72486.13250444291,4120000.0,4028408.390905265,8408.390905263936,484346.61493666674,77877.97440633622,7377.314859197853,85255.28926553407,407499.7165763966
16.0,12.0,17.869698841725665,17.882972813637643,20.22213622189051,-2.3391634082528654,418.5662268361846,518566.2268361846,176,28,89.70588235294117,191.7840909090909,-69358.45459178156,4080000.0,3993297.3083649687,13297.308364970319,505268.9184712143,80777.08030617467,8676.488354262106,89453.56866043678,429112.65817574784
16.0,13.0,15.784111111496351,15.795734291093932,20.22213622189051,-4.426401930796576,333.6977625143901,433697.7625143901,132,24,86.53846153846155,228.6969696969697,-62891.23035329697,3120000.0,3029762.05307274,9762.053072741775,423935.70944164833,64002.6393839131,8718.607019147035,72721.24640306013,360976.51611133
16.0,14.0,16.92252489417228,16.935045992833263,20.22213622189051,-3.2870902290572452,378.32815163019814,478328.1516301981,139,26,86.06060606060606,227.70503597122303,-54223.4795843078,3300000.0,3213374.039642605,13374.039642604854,464954.11198759323,69681.59428487752,10620.758527277154,80302.35281215467,398025.79881804343
16.0,15.0,18.387584759627252,18.40127258866766,20.22213622189051,-1.8208636332228494,441.83238714714673,541832.3871471467,147,29,87.5,234.9591836734694,-53145.910081615366,3520000.0,3431700.354035105,11700.354035105978,530132.0331120407,77460.68273515599,13049.617544915744,90510.30028007174,451322.086867075
16.0,16.0,17.80250449573802,17.815724884939254,20.22213622189051,-2.4064113369512548,415.614370170658,515614.370170658,133,28,86.33540372670807,251.0,-55710.20478328905,3220000.0,3127614.781952002,7614.781952000587,507999.5882186574,69504.71069046474,15011.40356245962,84516.11425292435,431098.25591773365
16.0,17.0,19.177883033674203,19.192205402983873,20.22213622189051,-1.0299308189066352,479.1508372254659,579150.8372254659,141,31,86.62790697674419,258.83687943262413,-56490.5733651201,3440000.0,3348737.530881565,8737.530881564948,570413.306343901,78151.03741718482,17247.79297445511,95398.83039163993,483752.00683382596
16.0,18.0,17.75830670065632,17.77149185958322,20.22213622189051,-2.450644362307287,413.6810100363847,513681.0100363846,117,28,85.51724137931035,282.44444444444446,-53711.34143180179,2900000.0,2803230.657543618,3230.6575436186977,510450.35249276593,65489.666529065165,16972.790612286615,82462.45714135178,431218.55289503286
16.0,19.0,18.85426793511029,18.868330034160998,20.22213622189051,-1.3538061877295107,463.5985848253174,563598.5848253174,123,30,86.9281045751634,278.3414634146341,-63174.16639055475,3060000.0,2967185.5542497477,7185.5542497474235,556413.03057557,74448.1973121702,16868.070961112066,91316.26827328227,472282.3165520351
16.0,20.0,17.704375296459105,17.717517481808876,20.22213622189051,-2.504618740081632,411.33070951152007,511330.70951152005,104,27,83.96946564885496,309.3173076923077,-60436.40101322654,2620000.0,2534737.421765859,14737.421765859937,496593.2877456601,61673.39310410059,18296.307030669614,79969.7001347702,431361.00937674986
17.0,10.0,17.926437423222414,17.939756660564242,20.22213622189051,-2.282379561326266,421.0705956646957,521070.5956646957,206,22,92.10526315789474,160.03398058252426,-59027.6898645591,4560000.0,4595135.978371601,135135.97837160222,385934.61729309347,84627.86565013824,6499.581265113877,91127.4469152521,429943.1487494436
17.0,11.0,17.720097750105882,17.733252461659333,20.22213622189051,-2.4888837602311753,412.0148836503236,512014.88365032355,186,23,91.38755980861244,177.96774193548387,-69588.81775905154,4180000.0,4185037.7978130365,105037.79781303355,406977.08583729,81446.57778428285,7225.613611452406,88672.19139573527,423342.6922545883
17.0,12.0,19.714970562374916,19.729726217655497,20.22213622189051,-0.4924100042350119,505.8164367332258,605816.4367332258,205,24,92.57641921397381,175.24878048780488,-61591.01406897718,4580000.0,4657635.937509152,177635.93750915513,428180.49922407063,96063.79100105513,9664.622812984939,105728.41381404006,500088.02291918575
17.0,13.0,16.576259815913915,16.588506991996923,20.22213622189051,-3.633629229893586,364.33470938069013,464334.7093806901,143,25,90.47619047619048,210.67832167832168,-62338.16388318146,3360000.0,3274864.822664139,14864.822664139007,449469.88671655115,71073.17758891926,7437.366839942846,78510.54442886211,385824.164951828
17.0,14.0,17.762489625607273,17.775678118276627,20.22213622189051,-2.4464581036138817,413.8637052693828,513863.7052693828,147,27,89.65517241379311,212.51700680272108,-50979.79984553215,3480000.0,3402432.518150846,22432.51815084486,491431.18711853796,77493.11505846579,9370.86785731449,86863.98291578027,426999.7223536025
17.0,15.0,17.81523422202905,17.828464760264694,20.22213622189051,-2.3936714616258143,416.17242476006925,516172.42476006923,140,27,89.82035928143712,248.19285714285715,-64914.810754457576,3340000.0,3263448.692712933,23448.69271293399,492723.73204713524,73202.67092306068,12179.417262203819,85382.0881852645,430790.33657480474
17.0,16.0,19.75870391895573,19.773494928180547,20.22213622189051,-0.44864129370996153,508.0356344470739,608035.6344470739,156,28,90.21739130434783,242.42307692307693,-72837.13069101113,3680000.0,3674654.322737411,94654.32273740864,513381.3117096653,87854.52156989319,14422.714360992848,102277.23593088603,505758.3985161879
17.0,17.0,17.079792008458096,17.09243774987792,20.22213622189051,-3.1296984720125884,384.8081470994898,484808.1470994898,116,24,87.85714285714286,289.9568965517241,-53930.12361726788,2800000.0,2754180.15556939,54180.15556938817,430627.99153010163,64347.421346277355,14055.38110475018,78402.80245102753,406405.34464846225
17.0,18.0,18.696367977929555,18.710303303715857,20.22213622189051,-1.511832918174651,456.14758193690585,556147.5819369059,129,27,88.46153846153845,267.47286821705427,-52593.77049798326,3120000.0,3083658.019197242,63658.01919724015,492489.56273966574,75227.75239640808,15939.907151899972,91167.65954830805,464979.9223885978
17.0,19.0,18.79049937730621,18.804510261123554,20.22213622189051,-1.417625960766955,460.5787179668247,560578.7179668247,122,27,87.91946308724832,288.11475409836066,-56374.70720752346,2980000.0,2946588.2671927977,66588.2671927984,493990.4507740262,73387.30395711197,17456.468425904808,90843.77238301678,469734.9455838079
17.0,20.0,17.693163364718888,17.706296618312955,20.22213622189051,-2.515839603577554,410.8433168176087,510843.31681760866,105,26,87.02290076335878,319.6857142857143,-54652.93869031611,2620000.0,2554040.6438053153,34040.64380531422,476802.67301229446,60012.80180781601,19247.07934577926,79259.88115359527,431583.4356640134
18.0,10.0,18.22352997567996,18.237086535576807,20.22213622189051,-1.985049686313701,434.36250999334175,534362.5099933418,209,22,92.64069264069265,166.94258373205741,-68726.95543315947,4620000.0,4662903.060564935,142903.0605649337,391459.44942840806,84711.37778724589,7418.27145358802,92129.64924083391,442232.8607525078
18.0,11.0,16.995773846867223,17.008352981286954,20.22213622189051,-3.2137832406035542,381.33651990605296,481336.51990605297,172,22,91.23711340206185,185.0406976744186,-66681.52838097641,3880000.0,3869959.275082526,89959.27508252705,391377.2448235259,73728.02812096091,7664.891809715298,81392.9199306762,399943.59997537674
18.0,12.0,18.453991798602317,18.467732807840754,20.22213622189051,-1.7544034140497544,444.88271432454906,544882.7143245491,180,24,91.66666666666666,194.35,-71994.44490035305,4080000.0,4091415.15024543,111415.15024543024,433467.56407911883,84251.36446949001,8769.790987247525,93021.15545673754,451861.5588678115
18.0,13.0,17.77384030057681,17.787037840114948,20.22213622189051,-2.4350983817755605,414.35975696520086,514359.7569652009,157,24,90.60773480662984,208.0700636942675,-62302.52604114666,3620000.0,3601595.201116025,81595.2011160249,432764.55584917596,78168.28122241347,8844.224375494668,87012.50559790814,427347.2513672927
18.0,14.0,17.33855825457824,17.35140939740809,20.22213622189051,-2.870726824482418,395.64242324601565,495642.4232460157,142,24,89.7590361445783,227.01408450704224,-57843.03288941615,3320000.0,3281594.9563819855,61594.956381986325,434047.46686402935,73075.52353652133,9527.167337422454,82602.69087394378,413039.7323720719
18.0,15.0,19.294712586667558,19.309129065231634,20.22213622189051,-0.9130071566588747,484.8596177740812,584859.6177740812,159,25,90.21739130434783,230.03773584905662,-56467.03209887243,3680000.0,3707243.3890819293,127243.38908193033,457616.2286921508,84798.34655749727,12906.457036805496,97704.80359430276,487154.81417977845
18.0,16.0,18.24009130566326,18.253661110101827,20.22213622189051,-1.9684751117886812,435.1123646079597,535112.3646079598,133,27,89.375,254.22556390977442,-53975.74219150911,3200000.0,3134104.2585999034,34104.258599901936,501008.1060080578,73899.58046177073,13075.794536381032,86975.37499815176,448136.98960980796
18.0,17.0,17.6940757369104,17.707209717299712,20.22213622189051,-2.5149265045907967,410.88296281673547,510882.9628167355,120,25,88.27586206896552,270.65,-54964.04372313793,2900000.0,2852375.9264020594,52375.926402056764,458507.03641467873,68399.09215591762,13797.5582028086,82196.65035872621,428686.3124580093
18.0,18.0,18.34403617267686,18.357689140925594,20.22213622189051,-1.864447080964915,439.8403891936054,539840.3891936054,124,25,88.59060402684564,267.85483870967744,-56151.52245319405,2980000.0,2963200.7095591947,83200.70955919489,456639.6796344105,70621.47153917793,16261.668982913165,86883.1405220911,452957.24867151433
18.0,19.0,18.753656403835567,18.76763770819263,20.22213622189051,-1.454498513697878,458.8406031777539,558840.6031777539,121,26,88.43537414965986,279.9917355371901,-55437.36362282664,2940000.0,2920159.907139908,80159.90713990867,478680.69603784516,72979.7272322472,16907.658872334097,89887.3861045813,468953.21707317256
18.0,20.0,18.88719652838841,18.901285082971775,20.22213622189051,-1.3208511389187336,465.163699404847,565163.699404847,115,29,88.19444444444444,287.37391304347824,-57114.02802552126,2880000.0,2797536.142362452,17536.14236245086,547627.5570423962,72614.84171202028,16807.74172529371,89422.583437314,475741.11596753297
19.0,10.0,18.09157132326061,18.10502240910441,20.22213622189051,-2.117113812786098,428.4214683697903,528421.4683697904,204,20,93.30357142857143,161.59803921568627,-73953.61144237345,4480000.0,4551892.176938172,171892.17693817298,356529.2914316174,82384.98335399147,7495.9075210269275,89880.89087501839,438540.577494772
19.0,11.0,18.019068301522058,18.03246147899118,20.22213622189051,-2.189674742899328,425.182607328329,525182.607328329,189,20,92.82296650717703,177.66137566137567,-67714.71337397068,4180000.0,4250986.071760412,170986.07176041033,354196.5355679186,80491.3636062461,8566.156716147487,89057.52032239358,436125.08700593543
19.0,12.0,18.12102547858551,18.134500098265917,20.22213622189051,-2.0876361236245913,429.74237430488495,529742.3743048849,173,21,92.26804123711341,195.66473988439307,-69945.18138656842,3880000.0,3933005.034772635,153005.03477263387,376737.33953225106,77652.89168526774,10592.572043286895,88245.46372855463,441496.91057633027
19.0,13.0,16.838447638879774,16.85090216120251,20.22213622189051,-3.371234060688,374.89592982435806,474895.9298243581,145,21,91.56626506024097,213.2206896551724,-69216.53096173392,3320000.0,3318005.6175205833,98005.61752058408,376890.312303774,68203.2559280831,9623.667235021072,77826.92316310418,397069.0066612539
19.0,14.0,17.13487912261171,17.147568557826066,20.22213622189051,-3.0745676640644426,387.0965605708318,487096.5605708318,136,22,90.50632911392405,228.69117647058823,-65388.60812531678,3160000.0,3147113.240498158,87113.24049815843,399983.3200726734,69700.63005294815,9826.261279177212,79526.89133212536,407569.66923870647
19.0,15.0,16.936176965174194,16.94870887810098,20.22213622189051,-3.2734273437895283,378.88756192272115,478887.56192272116,126,22,89.86486486486487,232.5793650793651,-62382.36098935077,2960000.0,2939345.2428257735,79345.24282577536,399542.3190969458,69082.9679892564,9241.300359936668,78324.26834919307,400563.29357352806
19.0,16.0,18.682771459277806,18.696695875546677,20.22213622189051,-1.5254403463438315,455.5101528204891,555510.1528204891,138,24,90.74074074074075,237.3695652173913,-53857.65863603087,3240000.0,3251517.195042406,111517.19504240688,443992.9577780823,79573.55191426896,11706.179433882771,91279.73134815173,464230.4214723374
19.0,17.0,20.221800036804524,20.236966082807626,20.22213622189051,0.014829860917117799,531.9879396509957,631987.9396509957,149,24,91.32947976878613,252.9731543624161,-62035.90572963307,3460000.0,3548903.133510227,188903.13351022586,443084.8061407698,90025.94986794856,14846.673021310402,104872.62288925896,527115.3167617368
19.0,18.0,19.456715003662854,19.47126210916681,20.22213622189051,-0.7508741127237002,492.8595503352939,592859.5503352939,132,25,90.44585987261146,263.8560606060606,-53619.0577563924,3140000.0,3166773.762111017,126773.76211101757,466085.78822427633,81967.87937598117,14616.79565388896,96584.67502987012,496274.87530542375
19.0,19.0,18.637073857976805,18.650961615422233,20.22213622189051,-1.5711746064682757,453.3725839508695,553372.5839508695,118,24,89.43661971830986,279.7118644067797,-55387.27869387073,2840000.0,2849086.533830231,109086.53383023155,444286.050120638,73126.6202941941,15431.679044907625,88558.29933910172,464814.2846117678
19.0,20.0,17.96153472189117,17.97488196884862,20.22213622189051,-2.2472542530418878,422.6251903731122,522625.1903731122,104,26,89.23076923076924,303.27884615384613,-51312.824323693305,2600000.0,2531920.9321520957,31920.93215209472,490704.2582210175,67985.62545090953,13999.100612193391,81984.72606310292,440640.46431000927
20.0,10.0,17.498646020173663,17.51162443210852,20.22213622189051,-2.7105117897819895,402.45376454409393,502453.764544094,192,20,93.39622641509435,161.70833333333334,-64843.50547422386,4240000.0,4284034.272552474,144034.27255247204,358419.4919916219,76467.26881058114,7712.2410624458,84179.50987302694,418274.25467106706
20.0,11.0,17.88033966018068,17.89362211979708,20.22213622189051,-2.328514102093429,419.0350719749143,519035.0719749143,183,20,93.10344827586206,170.40437158469945,-59902.25084363477,4060000.0,4120761.0586509183,160761.0586509154,358274.0133239989,79655.19631914207,7810.634631900635,87465.8309510427,431569.2410238716
20.0,12.0,17.862872423245722,17.87614095037604,20.22213622189051,-2.345995271514468,418.26564874519,518265.64874518994,170,21,92.67015706806284,182.81176470588235,-60242.61082200623,3820000.0,3858884.840232334,138884.84023233334,379380.8085128566,78410.53036307161,8354.023552121915,86764.55391519352,431501.0948299964
20.0,13.0,17.50008283025771,17.513062385127864,20.22213622189051,-2.709073836762645,402.5152768794475,502515.2768794475,153,21,91.95402298850574,200.67320261437908,-66523.25155888723,3480000.0,3502790.199893001,122790.19989300304,379725.0769864445,74795.30382248631,8601.710097571431,83397.01392005774,419118.2629593898
20.0,14.0,17.527706422641117,17.54070795351421,20.22213622189051,-2.6814282683762976,403.6992095010014,503699.2095010014,141,22,90.79754601226993,213.9290780141844,-60487.65825438348,3260000.0,3261595.245267003,101595.24526700276,402103.9642339987,73178.51661550759,9462.832773683103,82641.34938919068,421057.86011181073
20.0,15.0,17.670878650797757,17.683994153904912,20.22213622189051,-2.5381420679855964,409.8758217555182,509875.8217555182,133,22,90.32258064516128,228.13533834586465,-58690.40664145013,3100000.0,3105885.179735702,105885.17973570431,403990.6420198139,73296.69866077753,9925.210803977101,83221.90946475463,426653.9122907636
20.0,16.0,17.835330748923695,17.84857731144516,20.22213622189051,-2.3735589104453503,417.0545369584899,517054.5369584899,127,22,90.60402684563759,249.33070866141733,-65868.54650727744,2980000.0,2993602.663076853,113602.66307685288,403451.87388163706,70497.41506986805,12639.448465939091,83136.86353580713,433917.6734226828
20.0,17.0,18.778725826439146,18.79272725698422,20.22213622189051,-1.4294089649062869,460.0227572370435,560022.7572370435,134,22,90.38461538461539,248.21641791044777,-58030.3267779539,3120000.0,3178282.2257125266,158282.22571252755,401740.53152451594,78798.26508723092,13036.362534546632,91834.62762177754,468188.12961526593
20.0,18.0,19.573795438903176,19.588437043298,20.22213622189051,-0.6336991785925079,498.7023342437567,598702.3342437567,133,24,90.44585987261146,242.75187969924812,-50598.00861300985,3140000.0,3191497.614155881,151497.6141558814,447204.7200878754,85730.68951922467,12855.520819969748,98586.21033919443,500116.1239045623
20.0,19.0,18.096146364619734,18.10960110558606,20.22213622189051,-2.11253511630445,428.6264467524588,528626.4467524588,109,24,88.7218045112782,274.5596330275229,-46583.68601492047,2660000.0,2641622.687963933,81622.68796393374,447003.758788525,68676.37239646715,14780.103247699753,83456.4756441669,445169.9711082919
20.0,20.0,18.679647748106902,18.693569658136354,20.22213622189051,-1.5285665637541541,455.3638005814423,555363.8005814423,110,26,88.97058823529412,277.8909090909091,-46168.58356000249,2720000.0,2684667.643145255,64667.643145254646,490696.1574361876,70635.66285138723,16436.166111039824,87071.82896242705,468291.97161901527
